ds,y,ticker,name
2021-08-12,2911.659912109375,TCS.NS,Tata Consultancy Services
2021-08-13,3008.650634765625,TCS.NS,Tata Consultancy Services
2021-08-16,3016.946044921875,TCS.NS,Tata Consultancy Services
2021-08-17,3086.529052734375,TCS.NS,Tata Consultancy Services
2021-08-18,3093.044189453125,TCS.NS,Tata Consultancy Services
2021-08-20,3092.13232421875,TCS.NS,Tata Consultancy Services
2021-08-23,3159.8037109375,TCS.NS,Tata Consultancy Services
2021-08-24,3138.78125,TCS.NS,Tata Consultancy Services
2021-08-25,3178.568115234375,TCS.NS,Tata Consultancy Services
2021-08-26,3189.73046875,TCS.NS,Tata Consultancy Services
2021-08-27,3231.688720703125,TCS.NS,Tata Consultancy Services
2021-08-30,3215.31396484375,TCS.NS,Tata Consultancy Services
2021-08-31,3289.282958984375,TCS.NS,Tata Consultancy Services
2021-09-01,3227.17138671875,TCS.NS,Tata Consultancy Services
2021-09-02,3332.97900390625,TCS.NS,Tata Consultancy Services
2021-09-03,3337.58349609375,TCS.NS,Tata Consultancy Services
2021-09-06,3346.226318359375,TCS.NS,Tata Consultancy Services
2021-09-07,3314.865966796875,TCS.NS,Tata Consultancy Services
2021-09-08,3278.598388671875,TCS.NS,Tata Consultancy Services
2021-09-09,3293.583251953125,TCS.NS,Tata Consultancy Services
2021-09-13,3340.44970703125,TCS.NS,Tata Consultancy Services
2021-09-14,3375.675537109375,TCS.NS,Tata Consultancy Services
2021-09-15,3435.3115234375,TCS.NS,Tata Consultancy Services
2021-09-16,3390.790771484375,TCS.NS,Tata Consultancy Services
2021-09-17,3325.24755859375,TCS.NS,Tata Consultancy Services
2021-09-20,3321.468505859375,TCS.NS,Tata Consultancy Services
2021-09-21,3355.739013671875,TCS.NS,Tata Consultancy Services
2021-09-22,3355.043701171875,TCS.NS,Tata Consultancy Services
2021-09-23,3361.2119140625,TCS.NS,Tata Consultancy Services
2021-09-24,3362.99267578125,TCS.NS,Tata Consultancy Services
2021-09-27,3333.15234375,TCS.NS,Tata Consultancy Services
2021-09-28,3282.941650390625,TCS.NS,Tata Consultancy Services
2021-09-29,3294.01806640625,TCS.NS,Tata Consultancy Services
2021-09-30,3279.814453125,TCS.NS,Tata Consultancy Services
2021-10-01,3240.4189453125,TCS.NS,Tata Consultancy Services
2021-10-04,3277.859375,TCS.NS,Tata Consultancy Services
2021-10-05,3329.98193359375,TCS.NS,Tata Consultancy Services
2021-10-06,3310.522705078125,TCS.NS,Tata Consultancy Services
2021-10-07,3381.75634765625,TCS.NS,Tata Consultancy Services
2021-10-08,3418.89306640625,TCS.NS,Tata Consultancy Services
2021-10-11,3201.675537109375,TCS.NS,Tata Consultancy Services
2021-10-12,3173.225341796875,TCS.NS,Tata Consultancy Services
2021-10-13,3175.266845703125,TCS.NS,Tata Consultancy Services
2021-10-14,3143.281005859375,TCS.NS,Tata Consultancy Services
2021-10-18,3174.3525390625,TCS.NS,Tata Consultancy Services
2021-10-19,3163.0380859375,TCS.NS,Tata Consultancy Services
2021-10-20,3141.017578125,TCS.NS,Tata Consultancy Services
2021-10-21,3074.565673828125,TCS.NS,Tata Consultancy Services
2021-10-22,3045.278564453125,TCS.NS,Tata Consultancy Services
2021-10-25,3040.142333984375,TCS.NS,Tata Consultancy Services
2021-10-26,3031.134521484375,TCS.NS,Tata Consultancy Services
2021-10-27,3037.357177734375,TCS.NS,Tata Consultancy Services
2021-10-28,2978.08544921875,TCS.NS,Tata Consultancy Services
2021-10-29,2957.28369140625,TCS.NS,Tata Consultancy Services
2021-11-01,3025.737548828125,TCS.NS,Tata Consultancy Services
2021-11-02,3032.527099609375,TCS.NS,Tata Consultancy Services
2021-11-03,3039.53369140625,TCS.NS,Tata Consultancy Services
2021-11-04,3053.80712890625,TCS.NS,Tata Consultancy Services
2021-11-08,3048.672119140625,TCS.NS,Tata Consultancy Services
2021-11-09,3051.239990234375,TCS.NS,Tata Consultancy Services
2021-11-10,3032.6142578125,TCS.NS,Tata Consultancy Services
2021-11-11,3036.00830078125,TCS.NS,Tata Consultancy Services
2021-11-12,3068.951904296875,TCS.NS,Tata Consultancy Services
2021-11-15,3092.66943359375,TCS.NS,Tata Consultancy Services
2021-11-16,3095.3671875,TCS.NS,Tata Consultancy Services
2021-11-17,3065.339111328125,TCS.NS,Tata Consultancy Services
2021-11-18,3025.12841796875,TCS.NS,Tata Consultancy Services
2021-11-22,3010.071533203125,TCS.NS,Tata Consultancy Services
2021-11-23,3015.163330078125,TCS.NS,Tata Consultancy Services
2021-11-24,2996.92919921875,TCS.NS,Tata Consultancy Services
2021-11-25,2999.192138671875,TCS.NS,Tata Consultancy Services
2021-11-26,3000.0185546875,TCS.NS,Tata Consultancy Services
2021-11-29,3048.0185546875,TCS.NS,Tata Consultancy Services
2021-11-30,3071.649169921875,TCS.NS,Tata Consultancy Services
2021-12-01,3113.992919921875,TCS.NS,Tata Consultancy Services
2021-12-02,3170.654052734375,TCS.NS,Tata Consultancy Services
2021-12-03,3168.521728515625,TCS.NS,Tata Consultancy Services
2021-12-06,3077.960693359375,TCS.NS,Tata Consultancy Services
2021-12-07,3119.82470703125,TCS.NS,Tata Consultancy Services
2021-12-08,3156.72802734375,TCS.NS,Tata Consultancy Services
2021-12-09,3134.838134765625,TCS.NS,Tata Consultancy Services
2021-12-10,3165.3447265625,TCS.NS,Tata Consultancy Services
2021-12-13,3141.714599609375,TCS.NS,Tata Consultancy Services
2021-12-14,3154.030029296875,TCS.NS,Tata Consultancy Services
2021-12-15,3107.5087890625,TCS.NS,Tata Consultancy Services
2021-12-16,3117.30078125,TCS.NS,Tata Consultancy Services
2021-12-17,3119.69384765625,TCS.NS,Tata Consultancy Services
2021-12-20,3095.802490234375,TCS.NS,Tata Consultancy Services
2021-12-21,3140.53955078125,TCS.NS,Tata Consultancy Services
2021-12-22,3160.07861328125,TCS.NS,Tata Consultancy Services
2021-12-23,3187.886962890625,TCS.NS,Tata Consultancy Services
2021-12-24,3195.024169921875,TCS.NS,Tata Consultancy Services
2021-12-27,3216.957275390625,TCS.NS,Tata Consultancy Services
2021-12-28,3226.052734375,TCS.NS,Tata Consultancy Services
2021-12-29,3215.738525390625,TCS.NS,Tata Consultancy Services
2021-12-30,3249.726806640625,TCS.NS,Tata Consultancy Services
2021-12-31,3253.730712890625,TCS.NS,Tata Consultancy Services
2022-01-03,3322.837158203125,TCS.NS,Tata Consultancy Services
2022-01-04,3381.15185546875,TCS.NS,Tata Consultancy Services
2022-01-05,3360.437255859375,TCS.NS,Tata Consultancy Services
2022-01-06,3313.872314453125,TCS.NS,Tata Consultancy Services
2022-01-07,3353.952880859375,TCS.NS,Tata Consultancy Services
2022-01-10,3376.886962890625,TCS.NS,Tata Consultancy Services
2022-01-11,3408.263427734375,TCS.NS,Tata Consultancy Services
2022-01-12,3359.523193359375,TCS.NS,Tata Consultancy Services
2022-01-13,3392.596923828125,TCS.NS,Tata Consultancy Services
2022-01-14,3453.739990234375,TCS.NS,Tata Consultancy Services
2022-01-17,3498.128662109375,TCS.NS,Tata Consultancy Services
2022-01-18,3473.280029296875,TCS.NS,Tata Consultancy Services
2022-01-19,3413.162841796875,TCS.NS,Tata Consultancy Services
2022-01-20,3336.348876953125,TCS.NS,Tata Consultancy Services
2022-01-21,3342.408447265625,TCS.NS,Tata Consultancy Services
2022-01-24,3288.220458984375,TCS.NS,Tata Consultancy Services
2022-01-25,3286.955810546875,TCS.NS,Tata Consultancy Services
2022-01-27,3181.76171875,TCS.NS,Tata Consultancy Services
2022-01-28,3217.335205078125,TCS.NS,Tata Consultancy Services
2022-01-31,3257.616455078125,TCS.NS,Tata Consultancy Services
2022-02-01,3313.766845703125,TCS.NS,Tata Consultancy Services
2022-02-02,3362.200439453125,TCS.NS,Tata Consultancy Services
2022-02-03,3334.648681640625,TCS.NS,Tata Consultancy Services
2022-02-04,3326.191650390625,TCS.NS,Tata Consultancy Services
2022-02-07,3294.890380859375,TCS.NS,Tata Consultancy Services
2022-02-08,3263.894287109375,TCS.NS,Tata Consultancy Services
2022-02-09,3278.80322265625,TCS.NS,Tata Consultancy Services
2022-02-10,3287.3486328125,TCS.NS,Tata Consultancy Services
2022-02-11,3221.607421875,TCS.NS,Tata Consultancy Services
2022-02-14,3255.43701171875,TCS.NS,Tata Consultancy Services
2022-02-15,3328.719482421875,TCS.NS,Tata Consultancy Services
2022-02-16,3324.62109375,TCS.NS,Tata Consultancy Services
2022-02-17,3299.423828125,TCS.NS,Tata Consultancy Services
2022-02-18,3307.881591796875,TCS.NS,Tata Consultancy Services
2022-02-21,3242.92529296875,TCS.NS,Tata Consultancy Services
2022-02-22,3126.96337890625,TCS.NS,Tata Consultancy Services
2022-02-23,3107.258544921875,TCS.NS,Tata Consultancy Services
2022-02-24,2965.880126953125,TCS.NS,Tata Consultancy Services
2022-02-25,3069.723388671875,TCS.NS,Tata Consultancy Services
2022-02-28,3098.887939453125,TCS.NS,Tata Consultancy Services
2022-03-02,3091.86962890625,TCS.NS,Tata Consultancy Services
2022-03-03,3090.34375,TCS.NS,Tata Consultancy Services
2022-03-04,3072.862060546875,TCS.NS,Tata Consultancy Services
2022-03-07,3038.4658203125,TCS.NS,Tata Consultancy Services
2022-03-08,3138.777099609375,TCS.NS,Tata Consultancy Services
2022-03-09,3167.244873046875,TCS.NS,Tata Consultancy Services
2022-03-10,3157.08740234375,TCS.NS,Tata Consultancy Services
2022-03-11,3138.080078125,TCS.NS,Tata Consultancy Services
2022-03-14,3176.312255859375,TCS.NS,Tata Consultancy Services
2022-03-15,3133.502197265625,TCS.NS,Tata Consultancy Services
2022-03-16,3187.5595703125,TCS.NS,Tata Consultancy Services
2022-03-17,3202.2509765625,TCS.NS,Tata Consultancy Services
2022-03-21,3162.100341796875,TCS.NS,Tata Consultancy Services
2022-03-22,3226.838623046875,TCS.NS,Tata Consultancy Services
2022-03-23,3236.821533203125,TCS.NS,Tata Consultancy Services
2022-03-24,3269.474609375,TCS.NS,Tata Consultancy Services
2022-03-25,3232.505859375,TCS.NS,Tata Consultancy Services
2022-03-28,3232.72412109375,TCS.NS,Tata Consultancy Services
2022-03-29,3230.6748046875,TCS.NS,Tata Consultancy Services
2022-03-30,3253.51904296875,TCS.NS,Tata Consultancy Services
2022-03-31,3260.843017578125,TCS.NS,Tata Consultancy Services
2022-04-01,3277.234375,TCS.NS,Tata Consultancy Services
2022-04-04,3287.3486328125,TCS.NS,Tata Consultancy Services
2022-04-05,3326.103759765625,TCS.NS,Tata Consultancy Services
2022-04-06,3274.26953125,TCS.NS,Tata Consultancy Services
2022-04-07,3212.191162109375,TCS.NS,Tata Consultancy Services
2022-04-08,3213.499267578125,TCS.NS,Tata Consultancy Services
2022-04-11,3222.871337890625,TCS.NS,Tata Consultancy Services
2022-04-12,3218.25048828125,TCS.NS,Tata Consultancy Services
2022-04-13,3192.834716796875,TCS.NS,Tata Consultancy Services
2022-04-18,3076.08837890625,TCS.NS,Tata Consultancy Services
2022-04-19,3027.13134765625,TCS.NS,Tata Consultancy Services
2022-04-20,3101.154541015625,TCS.NS,Tata Consultancy Services
2022-04-21,3163.801025390625,TCS.NS,Tata Consultancy Services
2022-04-22,3149.76318359375,TCS.NS,Tata Consultancy Services
2022-04-25,3093.656494140625,TCS.NS,Tata Consultancy Services
2022-04-26,3092.00048828125,TCS.NS,Tata Consultancy Services
2022-04-27,3104.991455078125,TCS.NS,Tata Consultancy Services
2022-04-28,3125.1328125,TCS.NS,Tata Consultancy Services
2022-04-29,3092.348876953125,TCS.NS,Tata Consultancy Services
2022-05-02,3088.599609375,TCS.NS,Tata Consultancy Services
2022-05-04,3033.975341796875,TCS.NS,Tata Consultancy Services
2022-05-05,3063.315185546875,TCS.NS,Tata Consultancy Services
2022-05-06,2992.865478515625,TCS.NS,Tata Consultancy Services
2022-05-09,3003.764404296875,TCS.NS,Tata Consultancy Services
2022-05-10,2998.227783203125,TCS.NS,Tata Consultancy Services
2022-05-11,2974.90478515625,TCS.NS,Tata Consultancy Services
2022-05-12,2971.983642578125,TCS.NS,Tata Consultancy Services
2022-05-13,2977.433349609375,TCS.NS,Tata Consultancy Services
2022-05-16,2944.214599609375,TCS.NS,Tata Consultancy Services
2022-05-17,3009.431884765625,TCS.NS,Tata Consultancy Services
2022-05-18,3006.990234375,TCS.NS,Tata Consultancy Services
2022-05-19,2844.076904296875,TCS.NS,Tata Consultancy Services
2022-05-20,2871.1494140625,TCS.NS,Tata Consultancy Services
2022-05-23,2896.216552734375,TCS.NS,Tata Consultancy Services
2022-05-24,2866.78955078125,TCS.NS,Tata Consultancy Services
2022-05-25,2780.460693359375,TCS.NS,Tata Consultancy Services
2022-05-26,2832.512939453125,TCS.NS,Tata Consultancy Services
2022-05-27,2862.6640625,TCS.NS,Tata Consultancy Services
2022-05-30,2962.686279296875,TCS.NS,Tata Consultancy Services
2022-05-31,2953.11865234375,TCS.NS,Tata Consultancy Services
2022-06-01,2945.086669921875,TCS.NS,Tata Consultancy Services
2022-06-02,3004.60009765625,TCS.NS,Tata Consultancy Services
2022-06-03,3019.653076171875,TCS.NS,Tata Consultancy Services
2022-06-06,3011.577392578125,TCS.NS,Tata Consultancy Services
2022-06-07,2951.669921875,TCS.NS,Tata Consultancy Services
2022-06-08,2988.0537109375,TCS.NS,Tata Consultancy Services
2022-06-09,3008.1982421875,TCS.NS,Tata Consultancy Services
2022-06-10,2949.212158203125,TCS.NS,Tata Consultancy Services
2022-06-13,2826.0615234375,TCS.NS,Tata Consultancy Services
2022-06-14,2818.11767578125,TCS.NS,Tata Consultancy Services
2022-06-15,2814.38720703125,TCS.NS,Tata Consultancy Services
2022-06-16,2757.947021484375,TCS.NS,Tata Consultancy Services
2022-06-17,2711.336669921875,TCS.NS,Tata Consultancy Services
2022-06-20,2731.96435546875,TCS.NS,Tata Consultancy Services
2022-06-21,2819.346435546875,TCS.NS,Tata Consultancy Services
2022-06-22,2829.001953125,TCS.NS,Tata Consultancy Services
2022-06-23,2904.357666015625,TCS.NS,Tata Consultancy Services
2022-06-24,2890.5771484375,TCS.NS,Tata Consultancy Services
2022-06-27,2909.537109375,TCS.NS,Tata Consultancy Services
2022-06-28,2912.565673828125,TCS.NS,Tata Consultancy Services
2022-06-29,2888.294921875,TCS.NS,Tata Consultancy Services
2022-06-30,2867.75537109375,TCS.NS,Tata Consultancy Services
2022-07-01,2909.888671875,TCS.NS,Tata Consultancy Services
2022-07-04,2839.623046875,TCS.NS,Tata Consultancy Services
2022-07-05,2823.1650390625,TCS.NS,Tata Consultancy Services
2022-07-06,2862.18115234375,TCS.NS,Tata Consultancy Services
2022-07-07,2885.969482421875,TCS.NS,Tata Consultancy Services
2022-07-08,2866.307373046875,TCS.NS,Tata Consultancy Services
2022-07-11,2733.193115234375,TCS.NS,Tata Consultancy Services
2022-07-12,2707.650634765625,TCS.NS,Tata Consultancy Services
2022-07-13,2667.3173828125,TCS.NS,Tata Consultancy Services
2022-07-14,2639.154541015625,TCS.NS,Tata Consultancy Services
2022-07-15,2635.50244140625,TCS.NS,Tata Consultancy Services
2022-07-18,2696.139892578125,TCS.NS,Tata Consultancy Services
2022-07-19,2705.601318359375,TCS.NS,Tata Consultancy Services
2022-07-20,2785.292724609375,TCS.NS,Tata Consultancy Services
2022-07-21,2796.293701171875,TCS.NS,Tata Consultancy Services
2022-07-22,2790.749267578125,TCS.NS,Tata Consultancy Services
2022-07-25,2787.008544921875,TCS.NS,Tata Consultancy Services
2022-07-26,2742.25634765625,TCS.NS,Tata Consultancy Services
2022-07-27,2806.458740234375,TCS.NS,Tata Consultancy Services
2022-07-28,2869.5166015625,TCS.NS,Tata Consultancy Services
2022-07-29,2905.95166015625,TCS.NS,Tata Consultancy Services
2022-08-01,2903.22412109375,TCS.NS,Tata Consultancy Services
2022-08-02,2897.063232421875,TCS.NS,Tata Consultancy Services
2022-08-03,2939.04345703125,TCS.NS,Tata Consultancy Services
2022-08-04,2952.64013671875,TCS.NS,Tata Consultancy Services
2022-08-05,2961.529296875,TCS.NS,Tata Consultancy Services
2022-08-08,2969.802734375,TCS.NS,Tata Consultancy Services
2022-08-10,2952.0244140625,TCS.NS,Tata Consultancy Services
2022-08-11,3012.0908203125,TCS.NS,Tata Consultancy Services
2022-08-12,2993.652587890625,TCS.NS,Tata Consultancy Services
2022-08-16,2985.86376953125,TCS.NS,Tata Consultancy Services
2022-08-17,2993.25634765625,TCS.NS,Tata Consultancy Services
2022-08-18,2975.786865234375,TCS.NS,Tata Consultancy Services
2022-08-19,2979.7470703125,TCS.NS,Tata Consultancy Services
2022-08-22,2952.28857421875,TCS.NS,Tata Consultancy Services
2022-08-23,2890.726806640625,TCS.NS,Tata Consultancy Services
2022-08-24,2864.984130859375,TCS.NS,Tata Consultancy Services
2022-08-25,2832.288818359375,TCS.NS,Tata Consultancy Services
2022-08-26,2835.809326171875,TCS.NS,Tata Consultancy Services
2022-08-29,2756.91015625,TCS.NS,Tata Consultancy Services
2022-08-30,2826.084228515625,TCS.NS,Tata Consultancy Services
2022-09-01,2756.16162109375,TCS.NS,Tata Consultancy Services
2022-09-02,2755.01708984375,TCS.NS,Tata Consultancy Services
2022-09-05,2757.657470703125,TCS.NS,Tata Consultancy Services
2022-09-06,2752.069580078125,TCS.NS,Tata Consultancy Services
2022-09-07,2771.915283203125,TCS.NS,Tata Consultancy Services
2022-09-08,2789.560546875,TCS.NS,Tata Consultancy Services
2022-09-09,2831.8046875,TCS.NS,Tata Consultancy Services
2022-09-12,2854.071044921875,TCS.NS,Tata Consultancy Services
2022-09-13,2842.101806640625,TCS.NS,Tata Consultancy Services
2022-09-14,2746.216796875,TCS.NS,Tata Consultancy Services
2022-09-15,2732.09130859375,TCS.NS,Tata Consultancy Services
2022-09-16,2647.910888671875,TCS.NS,Tata Consultancy Services
2022-09-19,2665.601318359375,TCS.NS,Tata Consultancy Services
2022-09-20,2675.7216796875,TCS.NS,Tata Consultancy Services
2022-09-21,2641.310791015625,TCS.NS,Tata Consultancy Services
2022-09-22,2646.766845703125,TCS.NS,Tata Consultancy Services
2022-09-23,2624.45703125,TCS.NS,Tata Consultancy Services
2022-09-26,2635.325927734375,TCS.NS,Tata Consultancy Services
2022-09-27,2655.611328125,TCS.NS,Tata Consultancy Services
2022-09-28,2671.62939453125,TCS.NS,Tata Consultancy Services
2022-09-29,2637.87841796875,TCS.NS,Tata Consultancy Services
2022-09-30,2644.2587890625,TCS.NS,Tata Consultancy Services
2022-10-03,2627.009521484375,TCS.NS,Tata Consultancy Services
2022-10-04,2720.474365234375,TCS.NS,Tata Consultancy Services
2022-10-06,2729.97900390625,TCS.NS,Tata Consultancy Services
2022-10-07,2697.3720703125,TCS.NS,Tata Consultancy Services
2022-10-10,2744.588623046875,TCS.NS,Tata Consultancy Services
2022-10-11,2701.46484375,TCS.NS,Tata Consultancy Services
2022-10-12,2728.923095703125,TCS.NS,Tata Consultancy Services
2022-10-13,2731.16748046875,TCS.NS,Tata Consultancy Services
2022-10-14,2727.514892578125,TCS.NS,Tata Consultancy Services
2022-10-17,2745.691650390625,TCS.NS,Tata Consultancy Services
2022-10-18,2774.76513671875,TCS.NS,Tata Consultancy Services
2022-10-19,2754.603271484375,TCS.NS,Tata Consultancy Services
2022-10-20,2785.88330078125,TCS.NS,Tata Consultancy Services
2022-10-21,2768.32421875,TCS.NS,Tata Consultancy Services
2022-10-24,2789.765869140625,TCS.NS,Tata Consultancy Services
2022-10-25,2790.118408203125,TCS.NS,Tata Consultancy Services
2022-10-27,2785.971435546875,TCS.NS,Tata Consultancy Services
2022-10-28,2791.13330078125,TCS.NS,Tata Consultancy Services
2022-10-31,2817.515625,TCS.NS,Tata Consultancy Services
2022-11-01,2876.2373046875,TCS.NS,Tata Consultancy Services
2022-11-02,2860.35498046875,TCS.NS,Tata Consultancy Services
2022-11-03,2829.51611328125,TCS.NS,Tata Consultancy Services
2022-11-04,2838.9130859375,TCS.NS,Tata Consultancy Services
2022-11-07,2853.296142578125,TCS.NS,Tata Consultancy Services
2022-11-09,2837.721923828125,TCS.NS,Tata Consultancy Services
2022-11-10,2828.546142578125,TCS.NS,Tata Consultancy Services
2022-11-11,2925.869873046875,TCS.NS,Tata Consultancy Services
2022-11-14,2943.119873046875,TCS.NS,Tata Consultancy Services
2022-11-15,2940.5615234375,TCS.NS,Tata Consultancy Services
2022-11-16,2960.634765625,TCS.NS,Tata Consultancy Services
2022-11-17,2955.031982421875,TCS.NS,Tata Consultancy Services
2022-11-18,2950.134765625,TCS.NS,Tata Consultancy Services
2022-11-21,2897.237548828125,TCS.NS,Tata Consultancy Services
2022-11-22,2924.98779296875,TCS.NS,Tata Consultancy Services
2022-11-23,2919.119873046875,TCS.NS,Tata Consultancy Services
2022-11-24,2982.517333984375,TCS.NS,Tata Consultancy Services
2022-11-25,2990.900146484375,TCS.NS,Tata Consultancy Services
2022-11-28,2995.841552734375,TCS.NS,Tata Consultancy Services
2022-11-29,2997.6943359375,TCS.NS,Tata Consultancy Services
2022-11-30,2991.914794921875,TCS.NS,Tata Consultancy Services
2022-12-01,3066.78271484375,TCS.NS,Tata Consultancy Services
2022-12-02,3034.576904296875,TCS.NS,Tata Consultancy Services
2022-12-05,3022.885986328125,TCS.NS,Tata Consultancy Services
2022-12-06,2987.106201171875,TCS.NS,Tata Consultancy Services
2022-12-07,2982.914306640625,TCS.NS,Tata Consultancy Services
2022-12-08,2956.399658203125,TCS.NS,Tata Consultancy Services
2022-12-09,2905.398681640625,TCS.NS,Tata Consultancy Services
2022-12-12,2899.84033203125,TCS.NS,Tata Consultancy Services
2022-12-13,2940.1201171875,TCS.NS,Tata Consultancy Services
2022-12-14,2969.458984375,TCS.NS,Tata Consultancy Services
2022-12-15,2916.29638671875,TCS.NS,Tata Consultancy Services
2022-12-16,2859.075439453125,TCS.NS,Tata Consultancy Services
2022-12-19,2825.36865234375,TCS.NS,Tata Consultancy Services
2022-12-20,2862.33984375,TCS.NS,Tata Consultancy Services
2022-12-21,2884.04638671875,TCS.NS,Tata Consultancy Services
2022-12-22,2876.2373046875,TCS.NS,Tata Consultancy Services
2022-12-23,2848.5751953125,TCS.NS,Tata Consultancy Services
2022-12-26,2870.237060546875,TCS.NS,Tata Consultancy Services
2022-12-27,2876.060791015625,TCS.NS,Tata Consultancy Services
2022-12-28,2873.943115234375,TCS.NS,Tata Consultancy Services
2022-12-29,2884.22265625,TCS.NS,Tata Consultancy Services
2022-12-30,2873.58935546875,TCS.NS,Tata Consultancy Services
2023-01-02,2877.78125,TCS.NS,Tata Consultancy Services
2023-01-03,2921.811279296875,TCS.NS,Tata Consultancy Services
2023-01-04,2924.722900390625,TCS.NS,Tata Consultancy Services
2023-01-05,2921.5908203125,TCS.NS,Tata Consultancy Services
2023-01-06,2833.751708984375,TCS.NS,Tata Consultancy Services
2023-01-09,2929.399169921875,TCS.NS,Tata Consultancy Services
2023-01-10,2899.79638671875,TCS.NS,Tata Consultancy Services
2023-01-11,2937.1201171875,TCS.NS,Tata Consultancy Services
2023-01-12,2942.10546875,TCS.NS,Tata Consultancy Services
2023-01-13,2977.57666015625,TCS.NS,Tata Consultancy Services
2023-01-16,3008.7099609375,TCS.NS,Tata Consultancy Services
2023-01-17,3048.732421875,TCS.NS,Tata Consultancy Services
2023-01-18,3059.199951171875,TCS.NS,Tata Consultancy Services
2023-01-19,3043.949462890625,TCS.NS,Tata Consultancy Services
2023-01-20,3034.926025390625,TCS.NS,Tata Consultancy Services
2023-01-23,3081.67041015625,TCS.NS,Tata Consultancy Services
2023-01-24,3100.982666015625,TCS.NS,Tata Consultancy Services
2023-01-25,3095.07177734375,TCS.NS,Tata Consultancy Services
2023-01-27,3078.196533203125,TCS.NS,Tata Consultancy Services
2023-01-30,3098.590576171875,TCS.NS,Tata Consultancy Services
2023-01-31,3030.954833984375,TCS.NS,Tata Consultancy Services
2023-02-01,3075.759521484375,TCS.NS,Tata Consultancy Services
2023-02-02,3122.730712890625,TCS.NS,Tata Consultancy Services
2023-02-03,3142.49365234375,TCS.NS,Tata Consultancy Services
2023-02-06,3122.32421875,TCS.NS,Tata Consultancy Services
2023-02-07,3133.69482421875,TCS.NS,Tata Consultancy Services
2023-02-08,3176.605224609375,TCS.NS,Tata Consultancy Services
2023-02-09,3195.329833984375,TCS.NS,Tata Consultancy Services
2023-02-10,3192.352294921875,TCS.NS,Tata Consultancy Services
2023-02-13,3142.584228515625,TCS.NS,Tata Consultancy Services
2023-02-14,3158.556640625,TCS.NS,Tata Consultancy Services
2023-02-15,3177.10107421875,TCS.NS,Tata Consultancy Services
2023-02-16,3210.851806640625,TCS.NS,Tata Consultancy Services
2023-02-17,3159.50390625,TCS.NS,Tata Consultancy Services
2023-02-20,3147.005859375,TCS.NS,Tata Consultancy Services
2023-02-21,3114.24755859375,TCS.NS,Tata Consultancy Services
2023-02-22,3069.62353515625,TCS.NS,Tata Consultancy Services
2023-02-23,3080.677978515625,TCS.NS,Tata Consultancy Services
2023-02-24,3068.63037109375,TCS.NS,Tata Consultancy Services
2023-02-27,3006.724609375,TCS.NS,Tata Consultancy Services
2023-02-28,2989.578857421875,TCS.NS,Tata Consultancy Services
2023-03-01,3055.319580078125,TCS.NS,Tata Consultancy Services
2023-03-02,2997.33935546875,TCS.NS,Tata Consultancy Services
2023-03-03,3016.01953125,TCS.NS,Tata Consultancy Services
2023-03-06,3042.82177734375,TCS.NS,Tata Consultancy Services
2023-03-08,3059.561279296875,TCS.NS,Tata Consultancy Services
2023-03-09,3011.237060546875,TCS.NS,Tata Consultancy Services
2023-03-10,3005.957763671875,TCS.NS,Tata Consultancy Services
2023-03-13,2961.69384765625,TCS.NS,Tata Consultancy Services
2023-03-14,2901.231689453125,TCS.NS,Tata Consultancy Services
2023-03-15,2886.748046875,TCS.NS,Tata Consultancy Services
2023-03-16,2874.20458984375,TCS.NS,Tata Consultancy Services
2023-03-17,2869.06103515625,TCS.NS,Tata Consultancy Services
2023-03-20,2836.573974609375,TCS.NS,Tata Consultancy Services
2023-03-21,2803.003662109375,TCS.NS,Tata Consultancy Services
2023-03-22,2825.2939453125,TCS.NS,Tata Consultancy Services
2023-03-23,2819.743408203125,TCS.NS,Tata Consultancy Services
2023-03-24,2815.99853515625,TCS.NS,Tata Consultancy Services
2023-03-27,2817.62255859375,TCS.NS,Tata Consultancy Services
2023-03-28,2811.84716796875,TCS.NS,Tata Consultancy Services
2023-03-29,2832.60302734375,TCS.NS,Tata Consultancy Services
2023-03-31,2893.064697265625,TCS.NS,Tata Consultancy Services
2023-04-03,2887.7412109375,TCS.NS,Tata Consultancy Services
2023-04-05,2923.656982421875,TCS.NS,Tata Consultancy Services
2023-04-06,2906.420654296875,TCS.NS,Tata Consultancy Services
2023-04-10,2944.953857421875,TCS.NS,Tata Consultancy Services
2023-04-11,2900.19384765625,TCS.NS,Tata Consultancy Services
2023-04-12,2925.32666015625,TCS.NS,Tata Consultancy Services
2023-04-13,2877.6787109375,TCS.NS,Tata Consultancy Services
2023-04-17,2833.14404296875,TCS.NS,Tata Consultancy Services
2023-04-18,2825.248046875,TCS.NS,Tata Consultancy Services
2023-04-19,2788.114013671875,TCS.NS,Tata Consultancy Services
2023-04-20,2801.83056640625,TCS.NS,Tata Consultancy Services
2023-04-21,2852.41162109375,TCS.NS,Tata Consultancy Services
2023-04-24,2864.999755859375,TCS.NS,Tata Consultancy Services
2023-04-25,2866.082763671875,TCS.NS,Tata Consultancy Services
2023-04-26,2886.0712890625,TCS.NS,Tata Consultancy Services
2023-04-27,2876.86669921875,TCS.NS,Tata Consultancy Services
2023-04-28,2905.1123046875,TCS.NS,Tata Consultancy Services
2023-05-02,2905.247802734375,TCS.NS,Tata Consultancy Services
2023-05-03,2869.60205078125,TCS.NS,Tata Consultancy Services
2023-05-04,2906.420654296875,TCS.NS,Tata Consultancy Services
2023-05-05,2915.445068359375,TCS.NS,Tata Consultancy Services
2023-05-08,2933.40283203125,TCS.NS,Tata Consultancy Services
2023-05-09,2962.8671875,TCS.NS,Tata Consultancy Services
2023-05-10,2966.071044921875,TCS.NS,Tata Consultancy Services
2023-05-11,2961.874267578125,TCS.NS,Tata Consultancy Services
2023-05-12,2954.790283203125,TCS.NS,Tata Consultancy Services
2023-05-15,2937.419189453125,TCS.NS,Tata Consultancy Services
2023-05-16,2940.2158203125,TCS.NS,Tata Consultancy Services
2023-05-17,2895.591552734375,TCS.NS,Tata Consultancy Services
2023-05-18,2887.605712890625,TCS.NS,Tata Consultancy Services
2023-05-19,2908.361572265625,TCS.NS,Tata Consultancy Services
2023-05-22,2976.809326171875,TCS.NS,Tata Consultancy Services
2023-05-23,2975.3203125,TCS.NS,Tata Consultancy Services
2023-05-24,2981.006103515625,TCS.NS,Tata Consultancy Services
2023-05-25,2972.11669921875,TCS.NS,Tata Consultancy Services
2023-05-26,3004.06201171875,TCS.NS,Tata Consultancy Services
2023-05-29,2996.34716796875,TCS.NS,Tata Consultancy Services
2023-05-30,2992.6015625,TCS.NS,Tata Consultancy Services
2023-05-31,2968.50732421875,TCS.NS,Tata Consultancy Services
2023-06-01,2999.64013671875,TCS.NS,Tata Consultancy Services
2023-06-02,2983.036376953125,TCS.NS,Tata Consultancy Services
2023-06-05,2967.965087890625,TCS.NS,Tata Consultancy Services
2023-06-06,2916.88916015625,TCS.NS,Tata Consultancy Services
2023-06-07,2955.331298828125,TCS.NS,Tata Consultancy Services
2023-06-08,2920.633544921875,TCS.NS,Tata Consultancy Services
2023-06-09,2896.133056640625,TCS.NS,Tata Consultancy Services
2023-06-12,2930.064697265625,TCS.NS,Tata Consultancy Services
2023-06-13,2927.17626953125,TCS.NS,Tata Consultancy Services
2023-06-14,2933.80908203125,TCS.NS,Tata Consultancy Services
2023-06-15,2924.03662109375,TCS.NS,Tata Consultancy Services
2023-06-16,2886.39794921875,TCS.NS,Tata Consultancy Services
2023-06-19,2918.672119140625,TCS.NS,Tata Consultancy Services
2023-06-20,2934.39990234375,TCS.NS,Tata Consultancy Services
2023-06-21,2962.127685546875,TCS.NS,Tata Consultancy Services
2023-06-22,2944.218994140625,TCS.NS,Tata Consultancy Services
2023-06-23,2924.08154296875,TCS.NS,Tata Consultancy Services
2023-06-26,2899.8076171875,TCS.NS,Tata Consultancy Services
2023-06-27,2906.80810546875,TCS.NS,Tata Consultancy Services
2023-06-28,2923.263427734375,TCS.NS,Tata Consultancy Services
2023-06-30,3002.176025390625,TCS.NS,Tata Consultancy Services
2023-07-03,2974.947265625,TCS.NS,Tata Consultancy Services
2023-07-04,3008.17578125,TCS.NS,Tata Consultancy Services
2023-07-05,3018.26708984375,TCS.NS,Tata Consultancy Services
2023-07-06,3020.94873046875,TCS.NS,Tata Consultancy Services
2023-07-07,3026.722412109375,TCS.NS,Tata Consultancy Services
2023-07-10,2974.62890625,TCS.NS,Tata Consultancy Services
2023-07-11,2975.03857421875,TCS.NS,Tata Consultancy Services
2023-07-12,2963.673828125,TCS.NS,Tata Consultancy Services
2023-07-13,3036.99560546875,TCS.NS,Tata Consultancy Services
2023-07-14,3195.27490234375,TCS.NS,Tata Consultancy Services
2023-07-17,3174.410888671875,TCS.NS,Tata Consultancy Services
2023-07-18,3179.0927734375,TCS.NS,Tata Consultancy Services
2023-07-19,3154.72802734375,TCS.NS,Tata Consultancy Services
2023-07-20,3156.779052734375,TCS.NS,Tata Consultancy Services
2023-07-21,3070.18701171875,TCS.NS,Tata Consultancy Services
2023-07-24,3094.295654296875,TCS.NS,Tata Consultancy Services
2023-07-25,3098.30615234375,TCS.NS,Tata Consultancy Services
2023-07-26,3088.416748046875,TCS.NS,Tata Consultancy Services
2023-07-27,3096.255615234375,TCS.NS,Tata Consultancy Services
2023-07-28,3058.427978515625,TCS.NS,Tata Consultancy Services
2023-07-31,3118.633056640625,TCS.NS,Tata Consultancy Services
2023-08-01,3146.524658203125,TCS.NS,Tata Consultancy Services
2023-08-02,3136.133544921875,TCS.NS,Tata Consultancy Services
2023-08-03,3099.035400390625,TCS.NS,Tata Consultancy Services
2023-08-04,3138.77685546875,TCS.NS,Tata Consultancy Services
2023-08-07,3175.6923828125,TCS.NS,Tata Consultancy Services
2023-08-08,3163.432861328125,TCS.NS,Tata Consultancy Services
2023-08-09,3156.0498046875,TCS.NS,Tata Consultancy Services
2023-08-10,3137.455322265625,TCS.NS,Tata Consultancy Services
2023-08-11,3143.5625,TCS.NS,Tata Consultancy Services
2023-08-14,3144.51953125,TCS.NS,Tata Consultancy Services
2023-08-16,3152.31201171875,TCS.NS,Tata Consultancy Services
2023-08-17,3131.667236328125,TCS.NS,Tata Consultancy Services
2023-08-18,3069.093017578125,TCS.NS,Tata Consultancy Services
2023-08-21,3100.585205078125,TCS.NS,Tata Consultancy Services
2023-08-22,3082.810546875,TCS.NS,Tata Consultancy Services
2023-08-23,3097.486083984375,TCS.NS,Tata Consultancy Services
2023-08-24,3087.915283203125,TCS.NS,Tata Consultancy Services
2023-08-25,3082.0361328125,TCS.NS,Tata Consultancy Services
2023-08-28,3076.795166015625,TCS.NS,Tata Consultancy Services
2023-08-29,3077.342041015625,TCS.NS,Tata Consultancy Services
2023-08-30,3090.831787109375,TCS.NS,Tata Consultancy Services
2023-08-31,3059.70458984375,TCS.NS,Tata Consultancy Services
2023-09-01,3080.122314453125,TCS.NS,Tata Consultancy Services
2023-09-04,3115.943359375,TCS.NS,Tata Consultancy Services
2023-09-05,3125.833251953125,TCS.NS,Tata Consultancy Services
2023-09-06,3126.334716796875,TCS.NS,Tata Consultancy Services
2023-09-07,3149.441162109375,TCS.NS,Tata Consultancy Services
2023-09-08,3137.272705078125,TCS.NS,Tata Consultancy Services
2023-09-11,3172.5927734375,TCS.NS,Tata Consultancy Services
2023-09-12,3263.8798828125,TCS.NS,Tata Consultancy Services
2023-09-13,3252.075439453125,TCS.NS,Tata Consultancy Services
2023-09-14,3244.9658203125,TCS.NS,Tata Consultancy Services
2023-09-15,3279.830078125,TCS.NS,Tata Consultancy Services
2023-09-18,3286.9853515625,TCS.NS,Tata Consultancy Services
2023-09-20,3286.894775390625,TCS.NS,Tata Consultancy Services
2023-09-21,3267.9814453125,TCS.NS,Tata Consultancy Services
2023-09-22,3284.706787109375,TCS.NS,Tata Consultancy Services
2023-09-25,3260.552490234375,TCS.NS,Tata Consultancy Services
2023-09-26,3268.345703125,TCS.NS,Tata Consultancy Services
2023-09-27,3271.627197265625,TCS.NS,Tata Consultancy Services
2023-09-28,3223.72802734375,TCS.NS,Tata Consultancy Services
2023-09-29,3216.29931640625,TCS.NS,Tata Consultancy Services
2023-10-03,3202.8544921875,TCS.NS,Tata Consultancy Services
2023-10-04,3224.6396484375,TCS.NS,Tata Consultancy Services
2023-10-05,3271.673095703125,TCS.NS,Tata Consultancy Services
2023-10-06,3300.885986328125,TCS.NS,Tata Consultancy Services
2023-10-09,3316.336181640625,TCS.NS,Tata Consultancy Services
2023-10-10,3307.72216796875,TCS.NS,Tata Consultancy Services
2023-10-11,3290.40380859375,TCS.NS,Tata Consultancy Services
2023-10-12,3229.0146484375,TCS.NS,Tata Consultancy Services
2023-10-13,3254.810302734375,TCS.NS,Tata Consultancy Services
2023-10-16,3212.15185546875,TCS.NS,Tata Consultancy Services
2023-10-17,3196.656494140625,TCS.NS,Tata Consultancy Services
2023-10-18,3178.609130859375,TCS.NS,Tata Consultancy Services
2023-10-19,3157.95556640625,TCS.NS,Tata Consultancy Services
2023-10-20,3193.505126953125,TCS.NS,Tata Consultancy Services
2023-10-23,3116.37548828125,TCS.NS,Tata Consultancy Services
2023-10-25,3098.052734375,TCS.NS,Tata Consultancy Services
2023-10-26,3049.298828125,TCS.NS,Tata Consultancy Services
2023-10-27,3062.27587890625,TCS.NS,Tata Consultancy Services
2023-10-30,3087.498046875,TCS.NS,Tata Consultancy Services
2023-10-31,3078.542236328125,TCS.NS,Tata Consultancy Services
2023-11-01,3043.72412109375,TCS.NS,Tata Consultancy Services
2023-11-02,3070.63720703125,TCS.NS,Tata Consultancy Services
2023-11-03,3062.2294921875,TCS.NS,Tata Consultancy Services
2023-11-06,3089.051513671875,TCS.NS,Tata Consultancy Services
2023-11-07,3080.095703125,TCS.NS,Tata Consultancy Services
2023-11-08,3090.2392578125,TCS.NS,Tata Consultancy Services
2023-11-09,3059.076904296875,TCS.NS,Tata Consultancy Services
2023-11-10,3046.283447265625,TCS.NS,Tata Consultancy Services
2023-11-13,3044.546142578125,TCS.NS,Tata Consultancy Services
2023-11-15,3111.02978515625,TCS.NS,Tata Consultancy Services
2023-11-16,3196.5205078125,TCS.NS,Tata Consultancy Services
2023-11-17,3200.724365234375,TCS.NS,Tata Consultancy Services
2023-11-20,3216.397216796875,TCS.NS,Tata Consultancy Services
2023-11-21,3207.80615234375,TCS.NS,Tata Consultancy Services
2023-11-22,3226.037353515625,TCS.NS,Tata Consultancy Services
2023-11-23,3206.024658203125,TCS.NS,Tata Consultancy Services
2023-11-24,3159.28125,TCS.NS,Tata Consultancy Services
2023-11-28,3171.20703125,TCS.NS,Tata Consultancy Services
2023-11-29,3211.05078125,TCS.NS,Tata Consultancy Services
2023-11-30,3187.153564453125,TCS.NS,Tata Consultancy Services
2023-12-01,3209.13134765625,TCS.NS,Tata Consultancy Services
2023-12-04,3209.86279296875,TCS.NS,Tata Consultancy Services
2023-12-05,3227.363037109375,TCS.NS,Tata Consultancy Services
2023-12-06,3293.616943359375,TCS.NS,Tata Consultancy Services
2023-12-07,3303.48681640625,TCS.NS,Tata Consultancy Services
2023-12-08,3314.2705078125,TCS.NS,Tata Consultancy Services
2023-12-11,3329.074462890625,TCS.NS,Tata Consultancy Services
2023-12-12,3355.759033203125,TCS.NS,Tata Consultancy Services
2023-12-13,3283.9765625,TCS.NS,Tata Consultancy Services
2023-12-14,3351.3271484375,TCS.NS,Tata Consultancy Services
2023-12-15,3528.38671875,TCS.NS,Tata Consultancy Services
2023-12-18,3526.7412109375,TCS.NS,Tata Consultancy Services
2023-12-19,3487.4453125,TCS.NS,Tata Consultancy Services
2023-12-20,3454.409912109375,TCS.NS,Tata Consultancy Services
2023-12-21,3461.2177734375,TCS.NS,Tata Consultancy Services
2023-12-22,3494.57373046875,TCS.NS,Tata Consultancy Services
2023-12-26,3468.574462890625,TCS.NS,Tata Consultancy Services
2023-12-27,3482.876220703125,TCS.NS,Tata Consultancy Services
2023-12-28,3472.5498046875,TCS.NS,Tata Consultancy Services
2023-12-29,3466.609619140625,TCS.NS,Tata Consultancy Services
2024-01-01,3482.78515625,TCS.NS,Tata Consultancy Services
2024-01-02,3457.2880859375,TCS.NS,Tata Consultancy Services
2024-01-03,3373.71630859375,TCS.NS,Tata Consultancy Services
2024-01-04,3350.916259765625,TCS.NS,Tata Consultancy Services
2024-01-05,3415.890625,TCS.NS,Tata Consultancy Services
2024-01-08,3361.425048828125,TCS.NS,Tata Consultancy Services
2024-01-09,3372.02587890625,TCS.NS,Tata Consultancy Services
2024-01-10,3393.181884765625,TCS.NS,Tata Consultancy Services
2024-01-11,3413.743408203125,TCS.NS,Tata Consultancy Services
2024-01-12,3548.30810546875,TCS.NS,Tata Consultancy Services
2024-01-15,3567.499267578125,TCS.NS,Tata Consultancy Services
2024-01-16,3528.660400390625,TCS.NS,Tata Consultancy Services
2024-01-17,3549.952880859375,TCS.NS,Tata Consultancy Services
2024-01-18,3566.40283203125,TCS.NS,Tata Consultancy Services
2024-01-19,3628.471435546875,TCS.NS,Tata Consultancy Services
2024-01-23,3550.436767578125,TCS.NS,Tata Consultancy Services
2024-01-24,3535.298828125,TCS.NS,Tata Consultancy Services
2024-01-25,3506.31201171875,TCS.NS,Tata Consultancy Services
2024-01-29,3497.754150390625,TCS.NS,Tata Consultancy Services
2024-01-30,3497.34033203125,TCS.NS,Tata Consultancy Services
2024-01-31,3511.511474609375,TCS.NS,Tata Consultancy Services
2024-02-01,3546.663818359375,TCS.NS,Tata Consultancy Services
2024-02-02,3649.86669921875,TCS.NS,Tata Consultancy Services
2024-02-05,3656.30810546875,TCS.NS,Tata Consultancy Services
2024-02-06,3806.0283203125,TCS.NS,Tata Consultancy Services
2024-02-07,3757.62451171875,TCS.NS,Tata Consultancy Services
2024-02-08,3804.279541015625,TCS.NS,Tata Consultancy Services
2024-02-09,3803.91162109375,TCS.NS,Tata Consultancy Services
2024-02-12,3791.948486328125,TCS.NS,Tata Consultancy Services
2024-02-13,3818.45068359375,TCS.NS,Tata Consultancy Services
2024-02-14,3772.99169921875,TCS.NS,Tata Consultancy Services
2024-02-15,3775.84423828125,TCS.NS,Tata Consultancy Services
2024-02-16,3798.94189453125,TCS.NS,Tata Consultancy Services
2024-02-19,3776.39697265625,TCS.NS,Tata Consultancy Services
2024-02-20,3709.082275390625,TCS.NS,Tata Consultancy Services
2024-02-21,3673.055908203125,TCS.NS,Tata Consultancy Services
2024-02-22,3761.028564453125,TCS.NS,Tata Consultancy Services
2024-02-23,3728.8212890625,TCS.NS,Tata Consultancy Services
2024-02-26,3681.84423828125,TCS.NS,Tata Consultancy Services
2024-02-27,3776.94873046875,TCS.NS,Tata Consultancy Services
2024-02-28,3790.33837890625,TCS.NS,Tata Consultancy Services
2024-02-29,3768.390869140625,TCS.NS,Tata Consultancy Services
2024-03-01,3767.701171875,TCS.NS,Tata Consultancy Services
2024-03-04,3755.1396484375,TCS.NS,Tata Consultancy Services
2024-03-05,3692.012939453125,TCS.NS,Tata Consultancy Services
2024-03-06,3740.048095703125,TCS.NS,Tata Consultancy Services
2024-03-07,3780.813720703125,TCS.NS,Tata Consultancy Services
2024-03-11,3793.467041015625,TCS.NS,Tata Consultancy Services
2024-03-12,3857.790283203125,TCS.NS,Tata Consultancy Services
2024-03-13,3817.990966796875,TCS.NS,Tata Consultancy Services
2024-03-14,3871.915283203125,TCS.NS,Tata Consultancy Services
2024-03-15,3882.6357421875,TCS.NS,Tata Consultancy Services
2024-03-18,3821.21142578125,TCS.NS,Tata Consultancy Services
2024-03-19,3659.989013671875,TCS.NS,Tata Consultancy Services
2024-03-20,3654.099365234375,TCS.NS,Tata Consultancy Services
2024-03-21,3655.986083984375,TCS.NS,Tata Consultancy Services
2024-03-22,3598.88623046875,TCS.NS,Tata Consultancy Services
2024-03-26,3568.15087890625,TCS.NS,Tata Consultancy Services
2024-03-27,3534.470947265625,TCS.NS,Tata Consultancy Services
2024-03-28,3567.046630859375,TCS.NS,Tata Consultancy Services
2024-04-01,3604.26953125,TCS.NS,Tata Consultancy Services
2024-04-02,3573.948486328125,TCS.NS,Tata Consultancy Services
2024-04-03,3632.382568359375,TCS.NS,Tata Consultancy Services
2024-04-04,3683.914306640625,TCS.NS,Tata Consultancy Services
2024-04-05,3661.783447265625,TCS.NS,Tata Consultancy Services
2024-04-08,3655.617919921875,TCS.NS,Tata Consultancy Services
2024-04-09,3631.692138671875,TCS.NS,Tata Consultancy Services
2024-04-10,3666.752197265625,TCS.NS,Tata Consultancy Services
2024-04-12,3682.166015625,TCS.NS,Tata Consultancy Services
2024-04-15,3626.76904296875,TCS.NS,Tata Consultancy Services
2024-04-16,3563.825927734375,TCS.NS,Tata Consultancy Services
2024-04-18,3553.8876953125,TCS.NS,Tata Consultancy Services
2024-04-19,3520.943359375,TCS.NS,Tata Consultancy Services
2024-04-22,3556.28076171875,TCS.NS,Tata Consultancy Services
2024-04-23,3565.573974609375,TCS.NS,Tata Consultancy Services
2024-04-24,3525.406494140625,TCS.NS,Tata Consultancy Services
2024-04-25,3544.869140625,TCS.NS,Tata Consultancy Services
2024-04-26,3516.48095703125,TCS.NS,Tata Consultancy Services
2024-04-29,3561.43310546875,TCS.NS,Tata Consultancy Services
2024-04-30,3515.8369140625,TCS.NS,Tata Consultancy Services
2024-05-02,3555.083740234375,TCS.NS,Tata Consultancy Services
2024-05-03,3536.771484375,TCS.NS,Tata Consultancy Services
2024-05-06,3608.226806640625,TCS.NS,Tata Consultancy Services
2024-05-07,3661.507080078125,TCS.NS,Tata Consultancy Services
2024-05-08,3659.666748046875,TCS.NS,Tata Consultancy Services
2024-05-09,3644.253662109375,TCS.NS,Tata Consultancy Services
2024-05-10,3583.242431640625,TCS.NS,Tata Consultancy Services
2024-05-13,3632.8427734375,TCS.NS,Tata Consultancy Services
2024-05-14,3589.9599609375,TCS.NS,Tata Consultancy Services
2024-05-15,3570.81982421875,TCS.NS,Tata Consultancy Services
2024-05-16,3615.821044921875,TCS.NS,Tata Consultancy Services
2024-05-17,3553.857421875,TCS.NS,Tata Consultancy Services
2024-05-21,3540.973388671875,TCS.NS,Tata Consultancy Services
2024-05-22,3551.910888671875,TCS.NS,Tata Consultancy Services
2024-05-23,3608.869384765625,TCS.NS,Tata Consultancy Services
2024-05-24,3568.131591796875,TCS.NS,Tata Consultancy Services
2024-05-27,3565.86083984375,TCS.NS,Tata Consultancy Services
2024-05-28,3559.233154296875,TCS.NS,Tata Consultancy Services
2024-05-29,3525.6328125,TCS.NS,Tata Consultancy Services
2024-05-30,3463.020263671875,TCS.NS,Tata Consultancy Services
2024-05-31,3402.6318359375,TCS.NS,Tata Consultancy Services
2024-06-03,3432.200439453125,TCS.NS,Tata Consultancy Services
2024-06-04,3443.46240234375,TCS.NS,Tata Consultancy Services
2024-06-05,3472.613525390625,TCS.NS,Tata Consultancy Services
2024-06-06,3550.427734375,TCS.NS,Tata Consultancy Services
2024-06-07,3609.332763671875,TCS.NS,Tata Consultancy Services
2024-06-10,3576.658935546875,TCS.NS,Tata Consultancy Services
2024-06-11,3570.54150390625,TCS.NS,Tata Consultancy Services
2024-06-12,3551.586181640625,TCS.NS,Tata Consultancy Services
2024-06-13,3594.687255859375,TCS.NS,Tata Consultancy Services
2024-06-14,3551.95703125,TCS.NS,Tata Consultancy Services
2024-06-18,3536.24609375,TCS.NS,Tata Consultancy Services
2024-06-19,3523.8251953125,TCS.NS,Tata Consultancy Services
2024-06-20,3510.431396484375,TCS.NS,Tata Consultancy Services
2024-06-21,3532.214111328125,TCS.NS,Tata Consultancy Services
2024-06-24,3537.82177734375,TCS.NS,Tata Consultancy Services
2024-06-25,3557.888916015625,TCS.NS,Tata Consultancy Services
2024-06-26,3574.017578125,TCS.NS,Tata Consultancy Services
2024-06-27,3646.59423828125,TCS.NS,Tata Consultancy Services
2024-06-28,3618.786865234375,TCS.NS,Tata Consultancy Services
2024-07-01,3687.42431640625,TCS.NS,Tata Consultancy Services
2024-07-02,3723.759521484375,TCS.NS,Tata Consultancy Services
2024-07-03,3675.421142578125,TCS.NS,Tata Consultancy Services
2024-07-04,3727.0498046875,TCS.NS,Tata Consultancy Services
2024-07-05,3718.569091796875,TCS.NS,Tata Consultancy Services
2024-07-08,3701.328125,TCS.NS,Tata Consultancy Services
2024-07-09,3694.191162109375,TCS.NS,Tata Consultancy Services
2024-07-10,3623.421630859375,TCS.NS,Tata Consultancy Services
2024-07-11,3636.908447265625,TCS.NS,Tata Consultancy Services
2024-07-12,3878.1357421875,TCS.NS,Tata Consultancy Services
2024-07-15,3864.464111328125,TCS.NS,Tata Consultancy Services
2024-07-16,3873.0380859375,TCS.NS,Tata Consultancy Services
2024-07-18,4000.11669921875,TCS.NS,Tata Consultancy Services
2024-07-19,3997.190185546875,TCS.NS,Tata Consultancy Services
2024-07-22,3983.207763671875,TCS.NS,Tata Consultancy Services
2024-07-23,3997.144287109375,TCS.NS,Tata Consultancy Services
2024-07-24,4000.76708984375,TCS.NS,Tata Consultancy Services
2024-07-25,4015.864501953125,TCS.NS,Tata Consultancy Services
2024-07-26,4076.577880859375,TCS.NS,Tata Consultancy Services
2024-07-29,4070.3076171875,TCS.NS,Tata Consultancy Services
2024-07-30,4055.67431640625,TCS.NS,Tata Consultancy Services
2024-07-31,4074.255859375,TCS.NS,Tata Consultancy Services
2024-08-01,4085.171875,TCS.NS,Tata Consultancy Services
2024-08-02,3979.212646484375,TCS.NS,Tata Consultancy Services
2024-08-05,3860.29345703125,TCS.NS,Tata Consultancy Services
2024-08-06,3875.297607421875,TCS.NS,Tata Consultancy Services
2024-08-07,3902.47314453125,TCS.NS,Tata Consultancy Services
2024-08-08,3876.5517578125,TCS.NS,Tata Consultancy Services
2024-08-09,3928.76513671875,TCS.NS,Tata Consultancy Services
2024-08-12,3898.01318359375,TCS.NS,Tata Consultancy Services
2024-08-13,3899.22119140625,TCS.NS,Tata Consultancy Services
2024-08-14,3990.547119140625,TCS.NS,Tata Consultancy Services
2024-08-16,4102.77783203125,TCS.NS,Tata Consultancy Services
2024-08-19,4171.48193359375,TCS.NS,Tata Consultancy Services
2024-08-20,4202.41943359375,TCS.NS,Tata Consultancy Services
2024-08-21,4228.619140625,TCS.NS,Tata Consultancy Services
2024-08-22,4182.630859375,TCS.NS,Tata Consultancy Services
2024-08-23,4147.2333984375,TCS.NS,Tata Consultancy Services
2024-08-26,4183.04833984375,TCS.NS,Tata Consultancy Services
2024-08-27,4178.125,TCS.NS,Tata Consultancy Services
2024-08-28,4186.39306640625,TCS.NS,Tata Consultancy Services
2024-08-29,4191.73583984375,TCS.NS,Tata Consultancy Services
2024-08-30,4230.70947265625,TCS.NS,Tata Consultancy Services
2024-09-02,4200.3291015625,TCS.NS,Tata Consultancy Services
2024-09-03,4192.24658203125,TCS.NS,Tata Consultancy Services
2024-09-04,4161.494140625,TCS.NS,Tata Consultancy Services
2024-09-05,4158.42919921875,TCS.NS,Tata Consultancy Services
2024-09-06,4140.5908203125,TCS.NS,Tata Consultancy Services
2024-09-09,4133.90185546875,TCS.NS,Tata Consultancy Services
2024-09-10,4188.0654296875,TCS.NS,Tata Consultancy Services
2024-09-11,4161.587890625,TCS.NS,Tata Consultancy Services
2024-09-12,4197.21728515625,TCS.NS,Tata Consultancy Services
2024-09-13,4201.76953125,TCS.NS,Tata Consultancy Services
2024-09-16,4193.08251953125,TCS.NS,Tata Consultancy Services
2024-09-17,4186.0224609375,TCS.NS,Tata Consultancy Services
2024-09-18,4037.8369140625,TCS.NS,Tata Consultancy Services
2024-09-19,3991.3837890625,TCS.NS,Tata Consultancy Services
2024-09-20,3980.931396484375,TCS.NS,Tata Consultancy Services
2024-09-23,3965.69482421875,TCS.NS,Tata Consultancy Services
2024-09-24,3968.29638671875,TCS.NS,Tata Consultancy Services
2024-09-25,3971.502197265625,TCS.NS,Tata Consultancy Services
2024-09-26,3987.992919921875,TCS.NS,Tata Consultancy Services
2024-09-27,4003.04345703125,TCS.NS,Tata Consultancy Services
2024-09-30,3965.69482421875,TCS.NS,Tata Consultancy Services
2024-10-01,3983.718505859375,TCS.NS,Tata Consultancy Services
2024-10-03,3932.4814453125,TCS.NS,Tata Consultancy Services
2024-10-04,3950.59814453125,TCS.NS,Tata Consultancy Services
2024-10-07,3969.736328125,TCS.NS,Tata Consultancy Services
2024-10-08,3951.527099609375,TCS.NS,Tata Consultancy Services
2024-10-09,3951.24853515625,TCS.NS,Tata Consultancy Services
2024-10-10,3927.5107421875,TCS.NS,Tata Consultancy Services
2024-10-11,3854.858154296875,TCS.NS,Tata Consultancy Services
2024-10-14,3843.19873046875,TCS.NS,Tata Consultancy Services
2024-10-15,3824.75634765625,TCS.NS,Tata Consultancy Services
2024-10-16,3804.45654296875,TCS.NS,Tata Consultancy Services
2024-10-17,3817.509765625,TCS.NS,Tata Consultancy Services
2024-10-18,3839.908447265625,TCS.NS,Tata Consultancy Services
2024-10-21,3799.675048828125,TCS.NS,Tata Consultancy Services
2024-10-22,3739.744140625,TCS.NS,Tata Consultancy Services
2024-10-23,3787.009033203125,TCS.NS,Tata Consultancy Services
2024-10-24,3769.91943359375,TCS.NS,Tata Consultancy Services
2024-10-25,3778.90673828125,TCS.NS,Tata Consultancy Services
2024-10-28,3809.919677734375,TCS.NS,Tata Consultancy Services
2024-10-29,3795.390869140625,TCS.NS,Tata Consultancy Services
2024-10-30,3804.145263671875,TCS.NS,Tata Consultancy Services
2024-10-31,3695.925537109375,TCS.NS,Tata Consultancy Services
2024-11-01,3710.59326171875,TCS.NS,Tata Consultancy Services
2024-11-04,3691.92041015625,TCS.NS,Tata Consultancy Services
2024-11-05,3698.6259765625,TCS.NS,Tata Consultancy Services
2024-11-06,3855.3681640625,TCS.NS,Tata Consultancy Services
2024-11-07,3865.845703125,TCS.NS,Tata Consultancy Services
2024-11-08,3862.213623046875,TCS.NS,Tata Consultancy Services
2024-11-11,3910.36376953125,TCS.NS,Tata Consultancy Services
2024-11-12,3909.152587890625,TCS.NS,Tata Consultancy Services
2024-11-13,3865.333984375,TCS.NS,Tata Consultancy Services
2024-11-14,3861.18896484375,TCS.NS,Tata Consultancy Services
2024-11-18,3743.469970703125,TCS.NS,Tata Consultancy Services
2024-11-19,3762.142333984375,TCS.NS,Tata Consultancy Services
2024-11-21,3793.155517578125,TCS.NS,Tata Consultancy Services
2024-11-22,3953.111572265625,TCS.NS,Tata Consultancy Services
2024-11-25,4018.769287109375,TCS.NS,Tata Consultancy Services
2024-11-26,4053.787841796875,TCS.NS,Tata Consultancy Services
2024-11-27,4035.020751953125,TCS.NS,Tata Consultancy Services
2024-11-28,3953.390625,TCS.NS,Tata Consultancy Services
2024-11-29,3977.558349609375,TCS.NS,Tata Consultancy Services
2024-12-02,3982.9599609375,TCS.NS,Tata Consultancy Services
2024-12-03,4007.26806640625,TCS.NS,Tata Consultancy Services
2024-12-04,4055.371337890625,TCS.NS,Tata Consultancy Services
2024-12-05,4157.4912109375,TCS.NS,Tata Consultancy Services
2024-12-06,4140.21484375,TCS.NS,Tata Consultancy Services
2024-12-09,4146.408203125,TCS.NS,Tata Consultancy Services
2024-12-10,4128.154296875,TCS.NS,Tata Consultancy Services
2024-12-11,4123.404296875,TCS.NS,Tata Consultancy Services
2024-12-12,4149.01611328125,TCS.NS,Tata Consultancy Services
2024-12-13,4166.6650390625,TCS.NS,Tata Consultancy Services
2024-12-16,4111.99560546875,TCS.NS,Tata Consultancy Services
2024-12-17,4031.24951171875,TCS.NS,Tata Consultancy Services
2024-12-18,4049.27099609375,TCS.NS,Tata Consultancy Services
2024-12-19,3978.5361328125,TCS.NS,Tata Consultancy Services
2024-12-20,3883.913330078125,TCS.NS,Tata Consultancy Services
2024-12-23,3872.7373046875,TCS.NS,Tata Consultancy Services
2024-12-24,3892.481689453125,TCS.NS,Tata Consultancy Services
2024-12-26,3882.796142578125,TCS.NS,Tata Consultancy Services
2024-12-27,3878.838134765625,TCS.NS,Tata Consultancy Services
2024-12-30,3873.203125,TCS.NS,Tata Consultancy Services
2024-12-31,3813.598388671875,TCS.NS,Tata Consultancy Services
2025-01-01,3830.036376953125,TCS.NS,Tata Consultancy Services
2025-01-02,3888.9892578125,TCS.NS,Tata Consultancy Services
2025-01-03,3818.34814453125,TCS.NS,Tata Consultancy Services
2025-01-06,3813.78466796875,TCS.NS,Tata Consultancy Services
2025-01-07,3751.6650390625,TCS.NS,Tata Consultancy Services
2025-01-08,3826.26416015625,TCS.NS,Tata Consultancy Services
2025-01-09,3761.49072265625,TCS.NS,Tata Consultancy Services
2025-01-10,3972.71533203125,TCS.NS,Tata Consultancy Services
2025-01-13,3996.41796875,TCS.NS,Tata Consultancy Services
2025-01-14,3942.35400390625,TCS.NS,Tata Consultancy Services
2025-01-15,3957.76806640625,TCS.NS,Tata Consultancy Services
2025-01-16,3917.441162109375,TCS.NS,Tata Consultancy Services
2025-01-17,3911.75048828125,TCS.NS,Tata Consultancy Services
2025-01-20,3867.64697265625,TCS.NS,Tata Consultancy Services
2025-01-21,3827.859130859375,TCS.NS,Tata Consultancy Services
2025-01-22,3942.385986328125,TCS.NS,Tata Consultancy Services
2025-01-23,3931.810791015625,TCS.NS,Tata Consultancy Services
2025-01-24,3938.354736328125,TCS.NS,Tata Consultancy Services
2025-01-27,3855.64892578125,TCS.NS,Tata Consultancy Services
2025-01-28,3832.07958984375,TCS.NS,Tata Consultancy Services
2025-01-29,3888.5126953125,TCS.NS,Tata Consultancy Services
2025-01-30,3888.750244140625,TCS.NS,Tata Consultancy Services
2025-01-31,3900.4638671875,TCS.NS,Tata Consultancy Services
2025-02-01,3863.236572265625,TCS.NS,Tata Consultancy Services
2025-02-03,3858.96826171875,TCS.NS,Tata Consultancy Services
2025-02-04,3895.389404296875,TCS.NS,Tata Consultancy Services
2025-02-05,3880.261474609375,TCS.NS,Tata Consultancy Services
2025-02-06,3872.341552734375,TCS.NS,Tata Consultancy Services
2025-02-07,3821.741455078125,TCS.NS,Tata Consultancy Services
2025-02-10,3828.902099609375,TCS.NS,Tata Consultancy Services
2025-02-11,3759.284912109375,TCS.NS,Tata Consultancy Services
2025-02-12,3746.575439453125,TCS.NS,Tata Consultancy Services
2025-02-13,3708.636962890625,TCS.NS,Tata Consultancy Services
2025-02-14,3732.064208984375,TCS.NS,Tata Consultancy Services
2025-02-17,3703.2783203125,TCS.NS,Tata Consultancy Services
2025-02-18,3673.59130859375,TCS.NS,Tata Consultancy Services
2025-02-19,3589.083251953125,TCS.NS,Tata Consultancy Services
2025-02-20,3584.625,TCS.NS,Tata Consultancy Services
2025-02-21,3590.88525390625,TCS.NS,Tata Consultancy Services
2025-02-24,3486.174560546875,TCS.NS,Tata Consultancy Services
2025-02-25,3442.498046875,TCS.NS,Tata Consultancy Services
2025-02-27,3426.373779296875,TCS.NS,Tata Consultancy Services
2025-02-28,3303.7373046875,TCS.NS,Tata Consultancy Services
2025-03-03,3313.032470703125,TCS.NS,Tata Consultancy Services
2025-03-04,3350.022705078125,TCS.NS,Tata Consultancy Services
2025-03-05,3364.24951171875,TCS.NS,Tata Consultancy Services
2025-03-06,3415.98828125,TCS.NS,Tata Consultancy Services
2025-03-07,3425.093505859375,TCS.NS,Tata Consultancy Services
2025-03-10,3404.654541015625,TCS.NS,Tata Consultancy Services
2025-03-11,3391.0439453125,TCS.NS,Tata Consultancy Services
2025-03-12,3325.504638671875,TCS.NS,Tata Consultancy Services
2025-03-13,3330.10498046875,TCS.NS,Tata Consultancy Services
2025-03-17,3317.44287109375,TCS.NS,Tata Consultancy Services
2025-03-18,3317.44287109375,TCS.NS,Tata Consultancy Services
2025-03-19,3316.8740234375,TCS.NS,Tata Consultancy Services
2025-03-20,3379.52001953125,TCS.NS,Tata Consultancy Services
2025-03-21,3393.699462890625,TCS.NS,Tata Consultancy Services
2025-03-24,3441.928955078125,TCS.NS,Tata Consultancy Services
2025-03-25,3469.24462890625,TCS.NS,Tata Consultancy Services
2025-03-26,3448.426025390625,TCS.NS,Tata Consultancy Services
2025-03-27,3463.0322265625,TCS.NS,Tata Consultancy Services
2025-03-28,3420.3037109375,TCS.NS,Tata Consultancy Services
2025-04-01,3367.80615234375,TCS.NS,Tata Consultancy Services
2025-04-02,3361.309326171875,TCS.NS,Tata Consultancy Services
2025-04-03,3227.765625,TCS.NS,Tata Consultancy Services
2025-04-04,3129.3623046875,TCS.NS,Tata Consultancy Services
2025-04-07,3105.31884765625,TCS.NS,Tata Consultancy Services
2025-04-08,3123.244873046875,TCS.NS,Tata Consultancy Services
2025-04-09,3079.283935546875,TCS.NS,Tata Consultancy Services
2025-04-11,3064.9619140625,TCS.NS,Tata Consultancy Services
2025-04-15,3080.801025390625,TCS.NS,Tata Consultancy Services
2025-04-16,3105.081787109375,TCS.NS,Tata Consultancy Services
2025-04-17,3128.88818359375,TCS.NS,Tata Consultancy Services
2025-04-21,3150.41845703125,TCS.NS,Tata Consultancy Services
2025-04-22,3143.58935546875,TCS.NS,Tata Consultancy Services
2025-04-23,3237.108154296875,TCS.NS,Tata Consultancy Services
2025-04-24,3226.29541015625,TCS.NS,Tata Consultancy Services
2025-04-25,3270.30419921875,TCS.NS,Tata Consultancy Services
2025-04-28,3266.0361328125,TCS.NS,Tata Consultancy Services
2025-04-29,3293.541748046875,TCS.NS,Tata Consultancy Services
2025-04-30,3275.710205078125,TCS.NS,Tata Consultancy Services
2025-05-02,3254.180419921875,TCS.NS,Tata Consultancy Services
2025-05-05,3276.279296875,TCS.NS,Tata Consultancy Services
2025-05-06,3281.68603515625,TCS.NS,Tata Consultancy Services
2025-05-07,3267.553955078125,TCS.NS,Tata Consultancy Services
2025-05-08,3271.157958984375,TCS.NS,Tata Consultancy Services
2025-05-09,3263.001220703125,TCS.NS,Tata Consultancy Services
2025-05-12,3433.819091796875,TCS.NS,Tata Consultancy Services
2025-05-13,3333.851318359375,TCS.NS,Tata Consultancy Services
2025-05-14,3365.814697265625,TCS.NS,Tata Consultancy Services
2025-05-15,3395.406494140625,TCS.NS,Tata Consultancy Services
2025-05-16,3377.76513671875,TCS.NS,Tata Consultancy Services
2025-05-19,3337.455322265625,TCS.NS,Tata Consultancy Services
2025-05-20,3318.012451171875,TCS.NS,Tata Consultancy Services
2025-05-21,3344.094482421875,TCS.NS,Tata Consultancy Services
2025-05-22,3297.8095703125,TCS.NS,Tata Consultancy Services
2025-05-23,3333.47216796875,TCS.NS,Tata Consultancy Services
2025-05-26,3355.002197265625,TCS.NS,Tata Consultancy Services
2025-05-27,3318.391357421875,TCS.NS,Tata Consultancy Services
2025-05-28,3317.44287109375,TCS.NS,Tata Consultancy Services
2025-05-29,3317.822265625,TCS.NS,Tata Consultancy Services
2025-05-30,3284.91064453125,TCS.NS,Tata Consultancy Services
2025-06-02,3272.01123046875,TCS.NS,Tata Consultancy Services
2025-06-03,3229.7099609375,TCS.NS,Tata Consultancy Services
2025-06-04,3235.1640625,TCS.NS,Tata Consultancy Services
2025-06-05,3225.786865234375,TCS.NS,Tata Consultancy Services
2025-06-06,3238.32177734375,TCS.NS,Tata Consultancy Services
2025-06-09,3274.39697265625,TCS.NS,Tata Consultancy Services
2025-06-10,3313.62939453125,TCS.NS,Tata Consultancy Services
2025-06-11,3322.24169921875,TCS.NS,Tata Consultancy Services
2025-06-12,3286.16650390625,TCS.NS,Tata Consultancy Services
2025-06-13,3297.1708984375,TCS.NS,Tata Consultancy Services
2025-06-16,3345.58984375,TCS.NS,Tata Consultancy Services
2025-06-17,3363.770751953125,TCS.NS,Tata Consultancy Services
2025-06-18,3302.625244140625,TCS.NS,Tata Consultancy Services
2025-06-19,3276.40625,TCS.NS,Tata Consultancy Services
2025-06-20,3287.60205078125,TCS.NS,Tata Consultancy Services
2025-06-23,3247.31689453125,TCS.NS,Tata Consultancy Services
2025-06-24,3244.254638671875,TCS.NS,Tata Consultancy Services
2025-06-25,3296.3095703125,TCS.NS,Tata Consultancy Services
2025-06-26,3293.439208984375,TCS.NS,Tata Consultancy Services
2025-06-27,3292.76953125,TCS.NS,Tata Consultancy Services
2025-06-30,3312.768310546875,TCS.NS,Tata Consultancy Services
2025-07-01,3281.8603515625,TCS.NS,Tata Consultancy Services
2025-07-02,3275.736572265625,TCS.NS,Tata Consultancy Services
2025-07-03,3254.206298828125,TCS.NS,Tata Consultancy Services
2025-07-04,3272.3876953125,TCS.NS,Tata Consultancy Services
2025-07-07,3264.63671875,TCS.NS,Tata Consultancy Services
2025-07-08,3259.37353515625,TCS.NS,Tata Consultancy Services
2025-07-09,3237.939208984375,TCS.NS,Tata Consultancy Services
2025-07-10,3236.216796875,TCS.NS,Tata Consultancy Services
2025-07-11,3125.217041015625,TCS.NS,Tata Consultancy Services
2025-07-14,3083.783447265625,TCS.NS,Tata Consultancy Services
2025-07-15,3112.10791015625,TCS.NS,Tata Consultancy Services
2025-07-16,3104.234375,TCS.NS,Tata Consultancy Services
2025-07-17,3081.287109375,TCS.NS,Tata Consultancy Services
2025-07-18,3062.756103515625,TCS.NS,Tata Consultancy Services
2025-07-21,3032.31982421875,TCS.NS,Tata Consultancy Services
2025-07-22,3033.6640625,TCS.NS,Tata Consultancy Services
2025-07-23,3052.38671875,TCS.NS,Tata Consultancy Services
2025-07-24,3022.526611328125,TCS.NS,Tata Consultancy Services
2025-07-25,3010.812744140625,TCS.NS,Tata Consultancy Services
2025-07-28,2956.56494140625,TCS.NS,Tata Consultancy Services
2025-07-29,2934.193359375,TCS.NS,Tata Consultancy Services
2025-07-30,2931.888916015625,TCS.NS,Tata Consultancy Services
2025-07-31,2915.7587890625,TCS.NS,Tata Consultancy Services
2025-08-01,2883.3056640625,TCS.NS,Tata Consultancy Services
2025-08-04,2951.85986328125,TCS.NS,Tata Consultancy Services
2025-08-05,2941.778564453125,TCS.NS,Tata Consultancy Services
2025-08-06,2911.438232421875,TCS.NS,Tata Consultancy Services
2025-08-07,2925.552001953125,TCS.NS,Tata Consultancy Services
2025-08-08,2915.37451171875,TCS.NS,Tata Consultancy Services
2025-08-11,2919.59912109375,TCS.NS,Tata Consultancy Services
2025-08-12,2914.41455078125,TCS.NS,Tata Consultancy Services
2025-08-13,2915.1826171875,TCS.NS,Tata Consultancy Services
2025-08-14,2901.83642578125,TCS.NS,Tata Consultancy Services
2025-08-18,2891.178955078125,TCS.NS,Tata Consultancy Services
2025-08-19,2895.9794921875,TCS.NS,Tata Consultancy Services
2025-08-20,2975.09521484375,TCS.NS,Tata Consultancy Services
2025-08-21,2978.936279296875,TCS.NS,Tata Consultancy Services
2025-08-22,2932.273193359375,TCS.NS,Tata Consultancy Services
2025-08-25,3015.421630859375,TCS.NS,Tata Consultancy Services
2025-08-26,3031.35986328125,TCS.NS,Tata Consultancy Services
2025-08-28,2970.390869140625,TCS.NS,Tata Consultancy Services
2025-08-29,2961.74951171875,TCS.NS,Tata Consultancy Services
2025-09-01,2988.537353515625,TCS.NS,Tata Consultancy Services
2025-09-02,2987.481201171875,TCS.NS,Tata Consultancy Services
2025-09-03,2974.0390625,TCS.NS,Tata Consultancy Services
2025-09-04,2972.310791015625,TCS.NS,Tata Consultancy Services
2025-09-05,2926.800537109375,TCS.NS,Tata Consultancy Services
2025-09-08,2898.667724609375,TCS.NS,Tata Consultancy Services
2025-09-09,2927.856201171875,TCS.NS,Tata Consultancy Services
2025-09-10,2986.041259765625,TCS.NS,Tata Consultancy Services
2025-09-11,2999.6748046875,TCS.NS,Tata Consultancy Services
2025-09-12,3008.50830078125,TCS.NS,Tata Consultancy Services
2025-09-15,2987.865234375,TCS.NS,Tata Consultancy Services
2025-09-16,3020.318115234375,TCS.NS,Tata Consultancy Services
2025-09-17,3046.338134765625,TCS.NS,Tata Consultancy Services
2025-09-18,3050.08251953125,TCS.NS,Tata Consultancy Services
2025-09-19,3042.88134765625,TCS.NS,Tata Consultancy Services
2025-09-22,2951.283935546875,TCS.NS,Tata Consultancy Services
2025-09-23,2940.338134765625,TCS.NS,Tata Consultancy Services
2025-09-24,2914.41455078125,TCS.NS,Tata Consultancy Services
2025-09-25,2839.523193359375,TCS.NS,Tata Consultancy Services
2025-09-26,2783.54736328125,TCS.NS,Tata Consultancy Services
2025-09-29,2780.6669921875,TCS.NS,Tata Consultancy Services
2025-09-30,2773.273193359375,TCS.NS,Tata Consultancy Services
2025-10-01,2798.044921875,TCS.NS,Tata Consultancy Services
2025-10-03,2786.235107421875,TCS.NS,Tata Consultancy Services
2025-10-06,2869.28759765625,TCS.NS,Tata Consultancy Services
2025-10-07,2855.173583984375,TCS.NS,Tata Consultancy Services
2025-10-08,2906.541259765625,TCS.NS,Tata Consultancy Services
2025-10-09,2939.666259765625,TCS.NS,Tata Consultancy Services
2025-10-10,2907.59716796875,TCS.NS,Tata Consultancy Services
2025-10-13,2887.338134765625,TCS.NS,Tata Consultancy Services
2025-10-14,2842.3076171875,TCS.NS,Tata Consultancy Services
2025-10-15,2862.064208984375,TCS.NS,Tata Consultancy Services
2025-10-16,2862.931396484375,TCS.NS,Tata Consultancy Services
2025-10-17,2854.73974609375,TCS.NS,Tata Consultancy Services
2025-10-20,2905.81689453125,TCS.NS,Tata Consultancy Services
2025-10-21,2897.625244140625,TCS.NS,Tata Consultancy Services
2025-10-23,2961.713134765625,TCS.NS,Tata Consultancy Services
2025-10-24,2952.07568359375,TCS.NS,Tata Consultancy Services
2025-10-27,2972.98828125,TCS.NS,Tata Consultancy Services
2025-10-28,2946.968017578125,TCS.NS,Tata Consultancy Services
2025-10-29,2946.67919921875,TCS.NS,Tata Consultancy Services
2025-10-30,2925.187744140625,TCS.NS,Tata Consultancy Services
2025-10-31,2947.064208984375,TCS.NS,Tata Consultancy Services
2025-11-03,2907.35888671875,TCS.NS,Tata Consultancy Services
2025-11-04,2881.723876953125,TCS.NS,Tata Consultancy Services
2025-11-06,2901.6728515625,TCS.NS,Tata Consultancy Services
2025-11-07,2883.265869140625,TCS.NS,Tata Consultancy Services
2025-11-10,2915.4541015625,TCS.NS,Tata Consultancy Services
2025-11-11,2936.46337890625,TCS.NS,Tata Consultancy Services
2025-11-12,3018.18701171875,TCS.NS,Tata Consultancy Services
2025-11-13,2993.033935546875,TCS.NS,Tata Consultancy Services
2025-11-14,2993.322998046875,TCS.NS,Tata Consultancy Services
2025-11-17,2989.660888671875,TCS.NS,Tata Consultancy Services
2025-11-18,2975.10888671875,TCS.NS,Tata Consultancy Services
2025-11-19,3033.510009765625,TCS.NS,Tata Consultancy Services
2025-11-20,3030.715576171875,TCS.NS,Tata Consultancy Services
2025-11-21,3036.30517578125,TCS.NS,Tata Consultancy Services
2025-11-24,3027.24609375,TCS.NS,Tata Consultancy Services
2025-11-25,3006.044189453125,TCS.NS,Tata Consultancy Services
2025-11-26,3048.158935546875,TCS.NS,Tata Consultancy Services
2025-11-27,3022.81298828125,TCS.NS,Tata Consultancy Services
2025-11-28,3023.68017578125,TCS.NS,Tata Consultancy Services
2025-12-01,3019.72900390625,TCS.NS,Tata Consultancy Services
2025-12-02,3021.945556640625,TCS.NS,Tata Consultancy Services
2025-12-03,3064.638427734375,TCS.NS,Tata Consultancy Services
2025-12-04,3112.053466796875,TCS.NS,Tata Consultancy Services
2025-12-05,3120.72705078125,TCS.NS,Tata Consultancy Services
2025-12-08,3119.088623046875,TCS.NS,Tata Consultancy Services
2025-12-09,3091.912109375,TCS.NS,Tata Consultancy Services
2025-12-10,3073.5048828125,TCS.NS,Tata Consultancy Services
2025-12-11,3076.10693359375,TCS.NS,Tata Consultancy Services
2025-12-12,3103.669189453125,TCS.NS,Tata Consultancy Services
2025-12-15,3113.017333984375,TCS.NS,Tata Consultancy Services
2025-12-16,3088.828125,TCS.NS,Tata Consultancy Services
2025-12-17,3101.067138671875,TCS.NS,Tata Consultancy Services
2025-12-18,3161.78173828125,TCS.NS,Tata Consultancy Services
2025-12-19,3162.938232421875,TCS.NS,Tata Consultancy Services
2025-12-22,3204.281982421875,TCS.NS,Tata Consultancy Services
2025-12-23,3189.92236328125,TCS.NS,Tata Consultancy Services
2025-12-24,3198.595947265625,TCS.NS,Tata Consultancy Services
2025-12-26,3161.0107421875,TCS.NS,Tata Consultancy Services
2025-12-29,3133.544677734375,TCS.NS,Tata Consultancy Services
2025-12-30,3129.01513671875,TCS.NS,Tata Consultancy Services
2025-12-31,3089.887939453125,TCS.NS,Tata Consultancy Services
2026-01-01,3110.31884765625,TCS.NS,Tata Consultancy Services
2026-01-02,3132.773681640625,TCS.NS,Tata Consultancy Services
2026-01-05,3099.428955078125,TCS.NS,Tata Consultancy Services
2026-01-06,3137.688720703125,TCS.NS,Tata Consultancy Services
2026-01-07,3176.044921875,TCS.NS,Tata Consultancy Services
2026-01-08,3087.671142578125,TCS.NS,Tata Consultancy Services
2026-01-09,3091.43017578125,TCS.NS,Tata Consultancy Services
2026-01-12,3122.076416015625,TCS.NS,Tata Consultancy Services
2026-01-13,3149.446044921875,TCS.NS,Tata Consultancy Services
2026-01-14,3076.684814453125,TCS.NS,Tata Consultancy Services
2026-01-15,3076.684814453125,TCS.NS,Tata Consultancy Services
2026-01-16,3146.54931640625,TCS.NS,Tata Consultancy Services
2026-01-19,3104.258056640625,TCS.NS,Tata Consultancy Services
2026-01-20,3044.10791015625,TCS.NS,Tata Consultancy Services
2026-01-21,3064.027099609375,TCS.NS,Tata Consultancy Services
2026-01-22,3091.305419921875,TCS.NS,Tata Consultancy Services
2026-01-23,3103.178466796875,TCS.NS,Tata Consultancy Services
2026-01-27,3098.762939453125,TCS.NS,Tata Consultancy Services
2026-01-28,3140.073486328125,TCS.NS,Tata Consultancy Services
2026-01-29,3085.41796875,TCS.NS,Tata Consultancy Services
2026-01-30,3065.302734375,TCS.NS,Tata Consultancy Services
2026-02-02,3110.1455078125,TCS.NS,Tata Consultancy Services
2026-02-03,3164.80078125,TCS.NS,Tata Consultancy Services
2026-02-04,2942.84375,TCS.NS,Tata Consultancy Services
2026-02-05,2935.38623046875,TCS.NS,Tata Consultancy Services
2026-02-06,2886.422119140625,TCS.NS,Tata Consultancy Services
2026-02-09,2892.8984375,TCS.NS,Tata Consultancy Services
2026-02-10,2928.61572265625,TCS.NS,Tata Consultancy Services
2026-02-11,2855.21875,TCS.NS,Tata Consultancy Services
2026-02-12,2698.514404296875,TCS.NS,Tata Consultancy Services
2026-02-13,2641.700439453125,TCS.NS,Tata Consultancy Services
2026-02-16,2655.830322265625,TCS.NS,Tata Consultancy Services
2026-02-17,2666.427490234375,TCS.NS,Tata Consultancy Services
2026-02-18,2644.349609375,TCS.NS,Tata Consultancy Services
2026-02-19,2627.66845703125,TCS.NS,Tata Consultancy Services
2026-02-20,2635.81298828125,TCS.NS,Tata Consultancy Services
2026-02-23,2626.0986328125,TCS.NS,Tata Consultancy Services
2026-02-24,2525.423095703125,TCS.NS,Tata Consultancy Services
2026-02-25,2579.980224609375,TCS.NS,Tata Consultancy Services
2026-02-26,2598.03515625,TCS.NS,Tata Consultancy Services
2026-02-27,2587.92822265625,TCS.NS,Tata Consultancy Services
2026-03-02,2564.4765625,TCS.NS,Tata Consultancy Services
2026-03-04,2539.2587890625,TCS.NS,Tata Consultancy Services
2026-03-05,2530.427490234375,TCS.NS,Tata Consultancy Services
2026-03-06,2509.625244140625,TCS.NS,Tata Consultancy Services
2026-03-09,2479.99169921875,TCS.NS,Tata Consultancy Services
2026-03-10,2465.9599609375,TCS.NS,Tata Consultancy Services
2026-03-11,2418.6640625,TCS.NS,Tata Consultancy Services
2026-03-12,2396.5859375,TCS.NS,Tata Consultancy Services
2026-03-13,2365.284423828125,TCS.NS,Tata Consultancy Services
2026-03-16,2364.0087890625,TCS.NS,Tata Consultancy Services
2026-03-17,2346.837158203125,TCS.NS,Tata Consultancy Services
2026-03-18,2395.01611328125,TCS.NS,Tata Consultancy Services
2026-03-19,2311.806640625,TCS.NS,Tata Consultancy Services
2026-03-20,2345.7578125,TCS.NS,Tata Consultancy Services
2026-03-23,2339.085205078125,TCS.NS,Tata Consultancy Services
2026-03-24,2353.803955078125,TCS.NS,Tata Consultancy Services
2026-03-25,2332.80517578125,TCS.NS,Tata Consultancy Services
2026-03-27,2344.97265625,TCS.NS,Tata Consultancy Services
2026-03-30,2314.652099609375,TCS.NS,Tata Consultancy Services
2026-04-01,2363.02734375,TCS.NS,Tata Consultancy Services
2026-04-02,2404.730224609375,TCS.NS,Tata Consultancy Services
2026-04-06,2427.4951171875,TCS.NS,Tata Consultancy Services
2026-04-07,2492.1591796875,TCS.NS,Tata Consultancy Services
2026-04-08,2511.195068359375,TCS.NS,Tata Consultancy Services
2026-04-09,2540.436279296875,TCS.NS,Tata Consultancy Services
2026-04-10,2476.94970703125,TCS.NS,Tata Consultancy Services
2026-04-13,2426.2197265625,TCS.NS,Tata Consultancy Services
2026-04-15,2506.975830078125,TCS.NS,Tata Consultancy Services
2026-04-16,2528.56298828125,TCS.NS,Tata Consultancy Services
2026-04-17,2533.07666015625,TCS.NS,Tata Consultancy Services
2026-04-20,2531.212646484375,TCS.NS,Tata Consultancy Services
2026-04-21,2561.532958984375,TCS.NS,Tata Consultancy Services
2026-04-22,2490.883544921875,TCS.NS,Tata Consultancy Services
2026-04-23,2474.496826171875,TCS.NS,Tata Consultancy Services
2026-04-24,2351.939453125,TCS.NS,Tata Consultancy Services
2026-04-27,2401.6884765625,TCS.NS,Tata Consultancy Services
2026-04-28,2398.8427734375,TCS.NS,Tata Consultancy Services
2026-04-29,2428.280029296875,TCS.NS,Tata Consultancy Services
2026-04-30,2427.4951171875,TCS.NS,Tata Consultancy Services
2026-05-01,2427.4951171875,TCS.NS,Tata Consultancy Services
2026-05-04,2385.6943359375,TCS.NS,Tata Consultancy Services
2026-05-05,2381.76953125,TCS.NS,Tata Consultancy Services
2026-05-06,2389.71728515625,TCS.NS,Tata Consultancy Services
2026-05-07,2356.35498046875,TCS.NS,Tata Consultancy Services
2026-05-08,2349.486083984375,TCS.NS,Tata Consultancy Services
2026-05-11,2348.014404296875,TCS.NS,Tata Consultancy Services
2026-05-12,2257.151611328125,TCS.NS,Tata Consultancy Services
2026-05-13,2230.167236328125,TCS.NS,Tata Consultancy Services
2026-05-14,2203.8701171875,TCS.NS,Tata Consultancy Services
2026-05-15,2221.532470703125,TCS.NS,Tata Consultancy Services
2026-05-18,2240.3720703125,TCS.NS,Tata Consultancy Services
2026-05-19,2283.448974609375,TCS.NS,Tata Consultancy Services
2026-05-20,2283.7431640625,TCS.NS,Tata Consultancy Services
2026-05-21,2283.546875,TCS.NS,Tata Consultancy Services
2026-05-22,2273.83251953125,TCS.NS,Tata Consultancy Services
2026-05-25,2295.61328125,TCS.NS,Tata Consultancy Services
2026-05-26,2263.78759765625,TCS.NS,Tata Consultancy Services
2026-05-27,2271.744140625,TCS.NS,Tata Consultancy Services
2026-05-28,2271.744140625,TCS.NS,Tata Consultancy Services
2026-05-29,2246.58203125,TCS.NS,Tata Consultancy Services
2026-06-01,2284.8720703125,TCS.NS,Tata Consultancy Services
2026-06-02,2433.556884765625,TCS.NS,Tata Consultancy Services
2026-06-03,2229.475830078125,TCS.NS,Tata Consultancy Services
2026-06-04,2228.77978515625,TCS.NS,Tata Consultancy Services
2026-06-05,2186.9091796875,TCS.NS,Tata Consultancy Services
2026-06-08,2139.668212890625,TCS.NS,Tata Consultancy Services
2026-06-09,2139.2705078125,TCS.NS,Tata Consultancy Services
2026-06-10,2142.154541015625,TCS.NS,Tata Consultancy Services
2026-06-11,2123.95458984375,TCS.NS,Tata Consultancy Services
2026-06-12,2149.61376953125,TCS.NS,Tata Consultancy Services
2026-06-15,2150.21044921875,TCS.NS,Tata Consultancy Services
2026-06-16,2187.0087890625,TCS.NS,Tata Consultancy Services
2026-06-17,2210.8779296875,TCS.NS,Tata Consultancy Services
2026-06-18,2191.285400390625,TCS.NS,Tata Consultancy Services
2026-06-19,2113.412353515625,TCS.NS,Tata Consultancy Services
2026-06-22,2116.197021484375,TCS.NS,Tata Consultancy Services
2026-06-23,2048.368896484375,TCS.NS,Tata Consultancy Services
2026-06-24,2097.49951171875,TCS.NS,Tata Consultancy Services
2026-06-25,2083.27734375,TCS.NS,Tata Consultancy Services
2026-06-26,2083.27734375,TCS.NS,Tata Consultancy Services
2026-06-29,2086.4599609375,TCS.NS,Tata Consultancy Services
2026-06-30,2020.422119140625,TCS.NS,Tata Consultancy Services
2026-07-01,1971.788818359375,TCS.NS,Tata Consultancy Services
2026-07-02,2056.82275390625,TCS.NS,Tata Consultancy Services
2026-07-03,2082.083984375,TCS.NS,Tata Consultancy Services
2026-07-06,2046.3798828125,TCS.NS,Tata Consultancy Services
2026-07-07,2084.669921875,TCS.NS,Tata Consultancy Services
2026-07-08,2046.2803955078125,TCS.NS,Tata Consultancy Services
2026-07-09,2038.323974609375,TCS.NS,Tata Consultancy Services
2026-07-10,2057.717529296875,TCS.NS,Tata Consultancy Services
2026-07-13,2169.604248046875,TCS.NS,Tata Consultancy Services
2026-07-14,2188.60009765625,TCS.NS,Tata Consultancy Services
2026-07-15,2189.199951171875,TCS.NS,Tata Consultancy Services
2026-07-16,2201.0,TCS.NS,Tata Consultancy Services
2026-07-17,2269.0,TCS.NS,Tata Consultancy Services
2026-07-20,2251.10009765625,TCS.NS,Tata Consultancy Services
2026-07-21,2221.10009765625,TCS.NS,Tata Consultancy Services
2026-07-22,2208.300048828125,TCS.NS,Tata Consultancy Services
2026-07-23,2242.89990234375,TCS.NS,Tata Consultancy Services
2026-07-24,2254.300048828125,TCS.NS,Tata Consultancy Services
2026-07-27,2295.60009765625,TCS.NS,Tata Consultancy Services
2026-07-28,2398.0,TCS.NS,Tata Consultancy Services
2026-07-29,2446.60009765625,TCS.NS,Tata Consultancy Services
2026-07-30,2431.800048828125,TCS.NS,Tata Consultancy Services
2026-07-31,2365.60009765625,TCS.NS,Tata Consultancy Services
2026-08-03,2473.699951171875,TCS.NS,Tata Consultancy Services
2026-08-04,2460.0,TCS.NS,Tata Consultancy Services
2026-08-05,2413.0,TCS.NS,Tata Consultancy Services
2026-08-06,2373.0,TCS.NS,Tata Consultancy Services
2026-08-07,2452.699951171875,TCS.NS,Tata Consultancy Services
2026-08-10,2425.699951171875,TCS.NS,Tata Consultancy Services
2026-08-11,2445.699951171875,TCS.NS,Tata Consultancy Services
2026-08-12,,TCS.NS,Tata Consultancy Services
